collection,Pages,Base CER,Fine-tuned CER,CER Improvement,Base WER,Fine-tuned WER,Base Char Accuracy,Fine-tuned Char Accuracy,p-value,Significance
dictionary,412,0.3108,0.1994,35.8%,0.5713,0.4689,0.7263,0.8006,0.0,***
grammar,329,0.7954,0.2028,74.5%,0.7194,0.4132,0.5846,0.7994,0.0,***
writing_rules,25,0.8804,0.2466,72.0%,0.7796,0.3802,0.4841,0.7553,0.00335,**
legal,12,0.1241,0.0316,74.6%,0.6203,0.2162,0.8759,0.9684,0.0,***
textbooks,4,0.4236,0.423,0.1%,0.8218,0.6736,0.5764,0.577,0.98474,ns
covid,3,0.2831,0.2741,3.2%,0.3897,0.315,0.7169,0.7259,0.65429,ns
audio_stories,3,0.0701,0.0654,6.8%,0.1956,0.2017,0.9299,0.9346,0.32438,ns
